param_name,layer_num,component,param_count,relative_l2_diff
layers.14.self_attn.k_proj.weight,14,attention,524288,0.00042395230135127706
layers.16.self_attn.q_proj.weight,16,attention,4194304,0.000507617988560715
layers.35.self_attn.o_proj.weight,35,attention,4194304,0.0005474334375634526
layers.8.self_attn.k_proj.bias,8,attention,256,1.2432325473511334e-05
layers.18.self_attn.o_proj.weight,18,attention,4194304,0.0006624347902008638
layers.4.self_attn.o_proj.weight,4,attention,4194304,0.0006270597934984373
layers.29.self_attn.o_proj.weight,29,attention,4194304,0.000634031678673706
layers.3.self_attn.v_proj.bias,3,attention,256,0.00040621266842308075
layers.24.input_layernorm.weight,24,norm,2048,0.0
layers.6.self_attn.v_proj.bias,6,attention,256,0.00042554826302590345
layers.32.self_attn.q_proj.bias,32,attention,2048,3.521218160853504e-06
layers.4.self_attn.v_proj.bias,4,attention,256,0.00032847361038382066
layers.23.self_attn.v_proj.weight,23,attention,524288,0.0007004760331575835
layers.35.self_attn.q_proj.bias,35,attention,2048,2.7450379809193794e-06
layers.0.self_attn.v_proj.bias,0,attention,256,6.900901834943427e-05
layers.7.input_layernorm.weight,7,norm,2048,1.9229530137689214e-06
layers.25.self_attn.o_proj.weight,25,attention,4194304,0.0006650233306017709
layers.32.mlp.gate_proj.weight,32,ffn,22544384,0.0005815057780278961
layers.24.self_attn.o_proj.weight,24,attention,4194304,0.000676652992351172
layers.31.post_attention_layernorm.weight,31,attention,2048,7.072297457731584e-07
layers.31.self_attn.v_proj.bias,31,attention,256,2.1191459433984137e-05
layers.28.input_layernorm.weight,28,norm,2048,0.0
layers.16.self_attn.v_proj.bias,16,attention,256,0.00020182195422155166
layers.15.input_layernorm.weight,15,norm,2048,0.0
layers.20.post_attention_layernorm.weight,20,attention,2048,3.136584975785828e-07
layers.32.mlp.down_proj.weight,32,ffn,22544384,0.0005338903924701731
layers.29.mlp.up_proj.weight,29,ffn,22544384,0.0005501448667653738
layers.17.mlp.up_proj.weight,17,ffn,22544384,0.0005635686737492822
layers.31.input_layernorm.weight,31,norm,2048,0.0
layers.28.post_attention_layernorm.weight,28,attention,2048,1.9894719413776257e-08
layers.34.self_attn.v_proj.weight,34,attention,524288,0.00037367307347525234
layers.3.mlp.gate_proj.weight,3,ffn,22544384,0.0006469757495067935
layers.7.mlp.up_proj.weight,7,ffn,22544384,0.000561328889874327
layers.28.mlp.up_proj.weight,28,ffn,22544384,0.0005540728244642016
layers.0.input_layernorm.weight,0,norm,2048,0.0
layers.4.post_attention_layernorm.weight,4,attention,2048,9.635911313690098e-07
layers.23.mlp.gate_proj.weight,23,ffn,22544384,0.0006245184756393682
layers.5.self_attn.v_proj.bias,5,attention,256,0.0001958725581594145
layers.2.self_attn.v_proj.weight,2,attention,524288,0.0007323710561574659
layers.5.self_attn.q_proj.weight,5,attention,4194304,0.0005051312385334806
layers.10.mlp.down_proj.weight,10,ffn,22544384,0.0005972354648194926
layers.33.self_attn.q_proj.weight,33,attention,4194304,0.0007324542636064252
layers.32.self_attn.o_proj.weight,32,attention,4194304,0.000523391341003586
layers.3.mlp.down_proj.weight,3,ffn,22544384,0.0007375276480018014
layers.9.post_attention_layernorm.weight,9,attention,2048,7.179300019605244e-07
layers.25.self_attn.q_proj.bias,25,attention,2048,2.477156354954897e-06
layers.27.self_attn.q_proj.weight,27,attention,4194304,0.0006732694479513326
layers.29.self_attn.v_proj.bias,29,attention,256,0.00011350625628813144
layers.20.self_attn.k_proj.bias,20,attention,256,1.7321648822756525e-06
layers.12.mlp.up_proj.weight,12,ffn,22544384,0.0005623545667023816
layers.34.mlp.gate_proj.weight,34,ffn,22544384,0.0005801942122290148
layers.2.self_attn.q_proj.weight,2,attention,4194304,0.000451068876787017
layers.10.self_attn.q_proj.weight,10,attention,4194304,0.0005571054082685547
layers.11.post_attention_layernorm.weight,11,attention,2048,9.384544121655542e-07
layers.2.mlp.down_proj.weight,2,ffn,22544384,0.0009764795256763262
layers.20.mlp.down_proj.weight,20,ffn,22544384,0.0006116872891733546
layers.10.self_attn.k_proj.bias,10,attention,256,1.221095103579954e-05
layers.8.self_attn.q_proj.bias,8,attention,2048,1.8338166345760825e-06
layers.23.self_attn.k_proj.bias,23,attention,256,5.600257015553512e-06
layers.12.self_attn.k_proj.weight,12,attention,524288,0.0004719890491445633
layers.33.mlp.gate_proj.weight,33,ffn,22544384,0.0005868414862126516
layers.3.self_attn.k_proj.bias,3,attention,256,2.9277491339469326e-06
layers.25.mlp.up_proj.weight,25,ffn,22544384,0.0005919364672199563
layers.2.post_attention_layernorm.weight,2,attention,2048,8.089085394880038e-07
layers.0.self_attn.v_proj.weight,0,attention,524288,0.0009673969706905456
layers.0.self_attn.q_proj.weight,0,attention,4194304,0.00030790248944059665
layers.32.self_attn.q_proj.weight,32,attention,4194304,0.0006611719075269753
layers.16.self_attn.v_proj.weight,16,attention,524288,0.0005780110367189787
layers.3.self_attn.o_proj.weight,3,attention,4194304,0.0006572203846504052
layers.33.self_attn.o_proj.weight,33,attention,4194304,0.0004526391058749724
layers.33.self_attn.v_proj.weight,33,attention,524288,0.0002504021648633508
layers.24.mlp.up_proj.weight,24,ffn,22544384,0.0006012648165584275
layers.18.self_attn.k_proj.weight,18,attention,524288,0.0005189846105025475
layers.24.self_attn.k_proj.bias,24,attention,256,4.2236977633812685e-06
layers.32.self_attn.v_proj.weight,32,attention,524288,0.0005044817395340343
layers.35.mlp.gate_proj.weight,35,ffn,22544384,0.0005631805447032264
layers.26.input_layernorm.weight,26,norm,2048,0.0
layers.6.mlp.up_proj.weight,6,ffn,22544384,0.0005335911537282707
layers.35.post_attention_layernorm.weight,35,attention,2048,0.0
layers.26.mlp.gate_proj.weight,26,ffn,22544384,0.0006245274025187967
layers.26.mlp.up_proj.weight,26,ffn,22544384,0.0005676234085410673
layers.14.self_attn.q_proj.bias,14,attention,2048,2.409019822115574e-06
layers.34.mlp.down_proj.weight,34,ffn,22544384,0.0005353080573098146
layers.9.self_attn.o_proj.weight,9,attention,4194304,0.0005718452060953427
layers.30.post_attention_layernorm.weight,30,attention,2048,2.1680244551768296e-07
layers.19.self_attn.q_proj.bias,19,attention,2048,3.1168463560374706e-06
layers.6.post_attention_layernorm.weight,6,attention,2048,1.1926680836809622e-06
layers.28.self_attn.k_proj.weight,28,attention,524288,0.0007262229663718007
layers.11.self_attn.k_proj.bias,11,attention,256,7.276670804584403e-06
layers.33.mlp.down_proj.weight,33,ffn,22544384,0.0005228327261034897
layers.18.self_attn.v_proj.weight,18,attention,524288,0.0006007041722713387
layers.14.post_attention_layernorm.weight,14,attention,2048,4.911879783720524e-07
layers.21.post_attention_layernorm.weight,21,attention,2048,9.761736750860227e-07
layers.12.self_attn.v_proj.weight,12,attention,524288,0.000525784831002847
layers.17.self_attn.q_proj.bias,17,attention,2048,2.7025089923247236e-06
layers.12.mlp.gate_proj.weight,12,ffn,22544384,0.0004504517529379734
layers.13.self_attn.q_proj.bias,13,attention,2048,3.351130203405929e-06
layers.14.mlp.gate_proj.weight,14,ffn,22544384,0.0005228241446001939
layers.17.mlp.gate_proj.weight,17,ffn,22544384,0.0005728317892523591
layers.1.self_attn.o_proj.weight,1,attention,4194304,0.000612013387995468
layers.18.mlp.down_proj.weight,18,ffn,22544384,0.0006154732790152589
layers.35.mlp.down_proj.weight,35,ffn,22544384,0.0006224307974032849
layers.5.self_attn.k_proj.weight,5,attention,524288,0.00043350497792948617
layers.21.mlp.up_proj.weight,21,ffn,22544384,0.0005884790381676754
layers.6.mlp.gate_proj.weight,6,ffn,22544384,0.0005145964127396766
layers.20.self_attn.v_proj.bias,20,attention,256,0.00015388402259565976
layers.32.post_attention_layernorm.weight,32,attention,2048,5.081077877575555e-07
layers.13.mlp.up_proj.weight,13,ffn,22544384,0.0005219398338016202
layers.14.self_attn.o_proj.weight,14,attention,4194304,0.0006063695395862998
layers.5.self_attn.q_proj.bias,5,attention,2048,2.3404737496700355e-06
layers.22.self_attn.k_proj.weight,22,attention,524288,0.0006308459599638052
layers.20.self_attn.k_proj.weight,20,attention,524288,0.000660475336019721
layers.3.self_attn.q_proj.bias,3,attention,2048,3.177108207365306e-06
layers.35.self_attn.k_proj.bias,35,attention,256,0.0
layers.3.self_attn.q_proj.weight,3,attention,4194304,0.000460848529731815
layers.19.mlp.gate_proj.weight,19,ffn,22544384,0.0006048159620940818
layers.10.post_attention_layernorm.weight,10,attention,2048,8.287239534539075e-07
layers.5.self_attn.k_proj.bias,5,attention,256,2.1344846142976653e-05
layers.3.mlp.up_proj.weight,3,ffn,22544384,0.0005651162393398362
layers.31.self_attn.k_proj.weight,31,attention,524288,0.0008184924315800895
layers.30.mlp.gate_proj.weight,30,ffn,22544384,0.0005955002730889025
layers.34.post_attention_layernorm.weight,34,attention,2048,1.3890034346649178e-07
layers.10.input_layernorm.weight,10,norm,2048,8.484890847955154e-07
layers.27.mlp.down_proj.weight,27,ffn,22544384,0.0005936300769545263
layers.24.self_attn.q_proj.weight,24,attention,4194304,0.0006199244102709927
layers.5.mlp.gate_proj.weight,5,ffn,22544384,0.0005370651683164407
layers.20.mlp.up_proj.weight,20,ffn,22544384,0.0005773020145236616
layers.8.mlp.up_proj.weight,8,ffn,22544384,0.0005469380368134974
layers.15.self_attn.k_proj.bias,15,attention,256,7.641886130389085e-06
layers.15.post_attention_layernorm.weight,15,attention,2048,2.699337430667394e-08
layers.9.mlp.up_proj.weight,9,ffn,22544384,0.000557192335958985
layers.30.self_attn.q_proj.bias,30,attention,2048,2.639003822007979e-06
layers.33.mlp.up_proj.weight,33,ffn,22544384,0.0005065440840803842
layers.22.post_attention_layernorm.weight,22,attention,2048,6.986889124881468e-07
layers.14.mlp.down_proj.weight,14,ffn,22544384,0.0005598291279349266
layers.18.self_attn.v_proj.bias,18,attention,256,0.0002774084826904889
layers.6.self_attn.o_proj.weight,6,attention,4194304,0.0005864896066713938
layers.4.mlp.up_proj.weight,4,ffn,22544384,0.0007509482936383806
layers.30.self_attn.k_proj.weight,30,attention,524288,0.0008464342514377456
layers.0.self_attn.k_proj.bias,0,attention,256,0.0
layers.21.mlp.gate_proj.weight,21,ffn,22544384,0.0005751989811384113
layers.11.self_attn.q_proj.bias,11,attention,2048,2.124890852210965e-06
layers.28.self_attn.k_proj.bias,28,attention,256,5.276184301958393e-06
layers.33.post_attention_layernorm.weight,33,attention,2048,6.913354340391736e-07
layers.21.self_attn.o_proj.weight,21,attention,4194304,0.000671564779219677
layers.29.input_layernorm.weight,29,norm,2048,2.5573955782928053e-07
layers.7.self_attn.q_proj.bias,7,attention,2048,2.896256135764508e-06
layers.32.input_layernorm.weight,32,norm,2048,0.0
layers.13.self_attn.v_proj.bias,13,attention,256,0.000110849126197572
layers.23.self_attn.o_proj.weight,23,attention,4194304,0.0007374271202740632
layers.34.self_attn.q_proj.bias,34,attention,2048,2.24858510788119e-06
layers.13.input_layernorm.weight,13,norm,2048,0.0
layers.28.mlp.gate_proj.weight,28,ffn,22544384,0.0005798892414775096
layers.8.self_attn.k_proj.weight,8,attention,524288,0.0004346294649398281
layers.16.self_attn.k_proj.bias,16,attention,256,2.4152527935594527e-06
layers.11.self_attn.v_proj.weight,11,attention,524288,0.0005055598886199378
layers.17.self_attn.k_proj.weight,17,attention,524288,0.0005920851661157899
layers.5.input_layernorm.weight,5,norm,2048,9.750480738703625e-07
layers.18.self_attn.q_proj.weight,18,attention,4194304,0.00056386844857369
layers.34.self_attn.v_proj.bias,34,attention,256,1.7730547158321967e-06
layers.18.self_attn.q_proj.bias,18,attention,2048,3.285593175823501e-06
layers.8.self_attn.q_proj.weight,8,attention,4194304,0.0004937475169830676
layers.10.self_attn.v_proj.weight,10,attention,524288,0.0005171429860211976
layers.31.mlp.down_proj.weight,31,ffn,22544384,0.0005597419207684765
layers.9.self_attn.q_proj.bias,9,attention,2048,2.807882425737286e-06
layers.21.self_attn.q_proj.weight,21,attention,4194304,0.0006253567669668354
layers.34.mlp.up_proj.weight,34,ffn,22544384,0.0005093005124531566
layers.25.post_attention_layernorm.weight,25,attention,2048,9.349284851106872e-07
layers.20.self_attn.q_proj.bias,20,attention,2048,2.639344927655755e-06
layers.22.self_attn.k_proj.bias,22,attention,256,7.622844922264418e-06
layers.17.self_attn.o_proj.weight,17,attention,4194304,0.0006818871853924671
layers.33.self_attn.k_proj.bias,33,attention,256,5.632668345737209e-06
layers.32.mlp.up_proj.weight,32,ffn,22544384,0.0005171757474989689
layers.19.self_attn.q_proj.weight,19,attention,4194304,0.0006124591875371921
layers.31.self_attn.o_proj.weight,31,attention,4194304,0.000612641030170578
layers.12.mlp.down_proj.weight,12,ffn,22544384,0.0005896510353003249
layers.8.self_attn.o_proj.weight,8,attention,4194304,0.0005674999540922957
layers.21.self_attn.v_proj.weight,21,attention,524288,0.0006392774055591709
layers.20.mlp.gate_proj.weight,20,ffn,22544384,0.0005950603321972006
layers.7.self_attn.q_proj.weight,7,attention,4194304,0.0005322646141229621
layers.22.input_layernorm.weight,22,norm,2048,2.0507894789744843e-07
layers.28.self_attn.v_proj.bias,28,attention,256,0.00015611106156451164
layers.35.self_attn.v_proj.weight,35,attention,524288,0.0003923927182289308
layers.15.self_attn.k_proj.weight,15,attention,524288,0.0004833174833199704
layers.24.mlp.down_proj.weight,24,ffn,22544384,0.0006346001261979095
layers.25.self_attn.k_proj.weight,25,attention,524288,0.000846746484200645
layers.19.self_attn.v_proj.bias,19,attention,256,0.00027620961148807076
layers.17.self_attn.v_proj.weight,17,attention,524288,0.0006790194842434772
layers.29.self_attn.q_proj.weight,29,attention,4194304,0.0006721092898292341
layers.9.mlp.gate_proj.weight,9,ffn,22544384,0.00042646380213291394
layers.3.input_layernorm.weight,3,norm,2048,2.9472964277842293e-06
layers.29.self_attn.k_proj.weight,29,attention,524288,0.0007754573858327313
layers.35.mlp.up_proj.weight,35,ffn,22544384,0.000531958137489526
layers.16.input_layernorm.weight,16,norm,2048,1.3865828192168435e-07
layers.0.post_attention_layernorm.weight,0,attention,2048,9.020993135744112e-06
layers.11.mlp.down_proj.weight,11,ffn,22544384,0.0005822377475437794
layers.22.self_attn.o_proj.weight,22,attention,4194304,0.0006472001295191671
layers.25.self_attn.k_proj.bias,25,attention,256,1.5493579934157322e-06
layers.16.self_attn.o_proj.weight,16,attention,4194304,0.0006174813111966386
layers.34.self_attn.k_proj.bias,34,attention,256,1.6347844522832494e-06
layers.26.self_attn.v_proj.bias,26,attention,256,0.00029009509310998227
layers.33.self_attn.v_proj.bias,33,attention,256,1.7637991584438085e-05
layers.7.self_attn.k_proj.bias,7,attention,256,8.10506728518845e-06
layers.0.self_attn.k_proj.weight,0,attention,524288,0.00019857240952108292
layers.12.input_layernorm.weight,12,norm,2048,3.519351860367715e-07
layers.4.input_layernorm.weight,4,norm,2048,3.924509242067259e-06
layers.16.mlp.gate_proj.weight,16,ffn,22544384,0.0005437216144128767
layers.22.mlp.down_proj.weight,22,ffn,22544384,0.0006232695990349279
layers.30.mlp.up_proj.weight,30,ffn,22544384,0.0005440237351977739
layers.32.self_attn.v_proj.bias,32,attention,256,1.6725081586269414e-05
layers.26.self_attn.k_proj.bias,26,attention,256,3.473551518708945e-06
layers.4.mlp.down_proj.weight,4,ffn,22544384,0.0008024675393082355
layers.8.mlp.down_proj.weight,8,ffn,22544384,0.0005610603658867255
layers.21.self_attn.v_proj.bias,21,attention,256,0.00032438603961161013
layers.29.self_attn.q_proj.bias,29,attention,2048,2.7557697229521603e-06
layers.9.self_attn.q_proj.weight,9,attention,4194304,0.0004897481327892277
layers.12.self_attn.o_proj.weight,12,attention,4194304,0.0005452903984788564
layers.27.input_layernorm.weight,27,norm,2048,0.0
layers.7.self_attn.o_proj.weight,7,attention,4194304,0.000577893174690385
layers.12.self_attn.q_proj.bias,12,attention,2048,2.9012735979409985e-06
layers.6.input_layernorm.weight,6,norm,2048,1.0643526319155835e-06
layers.13.mlp.gate_proj.weight,13,ffn,22544384,0.0005145920178719205
embed_tokens.weight,-1,embedding,311164928,0.00020423497908725612
layers.6.self_attn.v_proj.weight,6,attention,524288,0.0006421162854690938
layers.13.self_attn.v_proj.weight,13,attention,524288,0.0006904558789569001
layers.26.self_attn.k_proj.weight,26,attention,524288,0.000648568426032605
layers.24.self_attn.v_proj.bias,24,attention,256,0.00030426907600904636
layers.4.self_attn.q_proj.bias,4,attention,2048,3.426303192959864e-06
layers.27.self_attn.v_proj.weight,27,attention,524288,0.000561917964687282
layers.21.self_attn.k_proj.bias,21,attention,256,1.7697418125857752e-06
layers.1.input_layernorm.weight,1,norm,2048,9.589402506500629e-06
layers.18.mlp.gate_proj.weight,18,ffn,22544384,0.0005732026999513193
layers.1.self_attn.v_proj.bias,1,attention,256,8.51222131159757e-05
layers.27.self_attn.k_proj.bias,27,attention,256,7.685639817324022e-07
layers.15.mlp.down_proj.weight,15,ffn,22544384,0.0005548374177385473
layers.29.mlp.down_proj.weight,29,ffn,22544384,0.0005812138223265511
layers.1.mlp.up_proj.weight,1,ffn,22544384,0.0004225183772133665
layers.30.input_layernorm.weight,30,norm,2048,0.0
layers.7.self_attn.v_proj.bias,7,attention,256,0.0004836996720530537
layers.31.self_attn.q_proj.bias,31,attention,2048,3.1802580522846634e-06
layers.1.self_attn.q_proj.weight,1,attention,4194304,0.0004686331982039745
layers.14.self_attn.v_proj.bias,14,attention,256,0.00021023594762029703
layers.11.self_attn.q_proj.weight,11,attention,4194304,0.0005328232857298264
layers.9.mlp.down_proj.weight,9,ffn,22544384,0.0005829179568676414
layers.9.self_attn.v_proj.weight,9,attention,524288,0.0005447534572647311
layers.2.self_attn.o_proj.weight,2,attention,4194304,0.000625149838529755
layers.35.self_attn.v_proj.bias,35,attention,256,6.3068215332504765e-06
layers.19.self_attn.o_proj.weight,19,attention,4194304,0.000732318010136838
layers.24.self_attn.q_proj.bias,24,attention,2048,1.7415689274470975e-06
layers.34.self_attn.k_proj.weight,34,attention,524288,0.0009081658635317858
layers.2.input_layernorm.weight,2,norm,2048,6.517496720592068e-06
layers.26.post_attention_layernorm.weight,26,attention,2048,1.8333117731169695e-07
layers.14.input_layernorm.weight,14,norm,2048,1.0114083700172607e-06
layers.13.self_attn.k_proj.weight,13,attention,524288,0.00040421496235842924
layers.23.self_attn.q_proj.weight,23,attention,4194304,0.0006145202151537326
layers.12.self_attn.v_proj.bias,12,attention,256,7.436534885070117e-05
layers.7.mlp.down_proj.weight,7,ffn,22544384,0.0005861870532448165
layers.24.self_attn.v_proj.weight,24,attention,524288,0.0006166196391472816
layers.30.self_attn.v_proj.bias,30,attention,256,6.856037817195989e-05
layers.15.mlp.gate_proj.weight,15,ffn,22544384,0.000548105929001264
layers.4.self_attn.v_proj.weight,4,attention,524288,0.0006500576477926221
layers.1.self_attn.q_proj.bias,1,attention,2048,2.9947970859166074e-06
layers.33.input_layernorm.weight,33,norm,2048,1.6781296617260483e-07
layers.10.self_attn.q_proj.bias,10,attention,2048,1.7210090519640366e-06
layers.11.mlp.gate_proj.weight,11,ffn,22544384,0.0004564661617828045
layers.5.mlp.down_proj.weight,5,ffn,22544384,0.0006027151900122225
layers.23.self_attn.v_proj.bias,23,attention,256,0.0001798305592642874
layers.3.self_attn.k_proj.weight,3,attention,524288,0.00033975708426497856
layers.21.input_layernorm.weight,21,norm,2048,6.259477804904273e-07
layers.15.self_attn.v_proj.weight,15,attention,524288,0.0006295307720446523
layers.24.self_attn.k_proj.weight,24,attention,524288,0.0005954048815661414
layers.21.self_attn.k_proj.weight,21,attention,524288,0.0005954022416912926
layers.25.input_layernorm.weight,25,norm,2048,5.503899952693446e-07
layers.7.mlp.gate_proj.weight,7,ffn,22544384,0.0005149483837009493
layers.6.self_attn.k_proj.weight,6,attention,524288,0.0003941795214884304
layers.9.self_attn.v_proj.bias,9,attention,256,0.0003649259565289896
layers.6.mlp.down_proj.weight,6,ffn,22544384,0.0005468212355112423
layers.31.self_attn.k_proj.bias,31,attention,256,2.966486514926887e-06
layers.17.input_layernorm.weight,17,norm,2048,1.1519661802064185e-07
layers.22.mlp.up_proj.weight,22,ffn,22544384,0.0005895598398478313
layers.25.self_attn.q_proj.weight,25,attention,4194304,0.0006817522465849796
layers.16.post_attention_layernorm.weight,16,attention,2048,2.9149765977578807e-07
layers.11.self_attn.o_proj.weight,11,attention,4194304,0.0005565035634103354
layers.18.post_attention_layernorm.weight,18,attention,2048,8.027147812553034e-07
layers.20.self_attn.q_proj.weight,20,attention,4194304,0.0006392865880947484
layers.25.self_attn.v_proj.weight,25,attention,524288,0.0006230203861912129
layers.35.self_attn.k_proj.weight,35,attention,524288,0.0008913412080366893
layers.12.self_attn.k_proj.bias,12,attention,256,4.145676589211447e-06
layers.27.self_attn.o_proj.weight,27,attention,4194304,0.0006592449141808362
layers.10.self_attn.v_proj.bias,10,attention,256,0.0001682981873369277
layers.31.self_attn.v_proj.weight,31,attention,524288,0.000567909479281322
layers.27.self_attn.k_proj.weight,27,attention,524288,0.0008053589410970943
layers.26.self_attn.q_proj.bias,26,attention,2048,2.4568900443207553e-06
layers.24.post_attention_layernorm.weight,24,attention,2048,2.7846169710882243e-07
layers.22.self_attn.q_proj.bias,22,attention,2048,3.1351944169851312e-06
layers.14.self_attn.v_proj.weight,14,attention,524288,0.0005782992767877039
layers.13.self_attn.k_proj.bias,13,attention,256,1.0053145780733014e-05
layers.16.mlp.up_proj.weight,16,ffn,22544384,0.0005587753181332767
layers.18.self_attn.k_proj.bias,18,attention,256,3.159705057795648e-06
layers.26.self_attn.o_proj.weight,26,attention,4194304,0.0006352618461351998
layers.26.self_attn.v_proj.weight,26,attention,524288,0.0005345770811706872
layers.33.self_attn.k_proj.weight,33,attention,524288,0.0010213569455372084
layers.27.mlp.up_proj.weight,27,ffn,22544384,0.0005615969309264644
layers.28.self_attn.v_proj.weight,28,attention,524288,0.0004940502509393433
layers.14.self_attn.q_proj.weight,14,attention,4194304,0.00048212379297659746
layers.1.self_attn.k_proj.bias,1,attention,256,5.386082082065385e-07
layers.6.self_attn.q_proj.bias,6,attention,2048,2.608692983154962e-06
layers.8.post_attention_layernorm.weight,8,attention,2048,6.265156817012685e-07
layers.28.mlp.down_proj.weight,28,ffn,22544384,0.0005861751098233134
layers.9.self_attn.k_proj.bias,9,attention,256,9.796010108183298e-06
layers.1.self_attn.k_proj.weight,1,attention,524288,0.00028217533189212735
layers.22.self_attn.v_proj.weight,22,attention,524288,0.0006033270267987341
layers.2.mlp.up_proj.weight,2,ffn,22544384,0.0005644331505023879
layers.35.input_layernorm.weight,35,norm,2048,0.0
layers.8.self_attn.v_proj.weight,8,attention,524288,0.0005618211144652629
layers.32.self_attn.k_proj.bias,32,attention,256,3.90021910210203e-06
layers.17.post_attention_layernorm.weight,17,attention,2048,6.147821247088298e-07
layers.7.self_attn.k_proj.weight,7,attention,524288,0.0005328126612406276
layers.30.self_attn.o_proj.weight,30,attention,4194304,0.0006004254382679212
layers.20.self_attn.v_proj.weight,20,attention,524288,0.0006663391851035364
layers.0.self_attn.o_proj.weight,0,attention,4194304,0.0006579227160015197
layers.27.self_attn.v_proj.bias,27,attention,256,9.547262508705962e-05
layers.29.self_attn.v_proj.weight,29,attention,524288,0.0005043556401663085
layers.15.self_attn.v_proj.bias,15,attention,256,0.0001552665084168596
layers.13.self_attn.o_proj.weight,13,attention,4194304,0.0006676851567398189
layers.30.self_attn.k_proj.bias,30,attention,256,1.0264324575846452e-05
layers.16.self_attn.k_proj.weight,16,attention,524288,0.00045941470707981923
layers.19.self_attn.k_proj.weight,19,attention,524288,0.0005008908863077394
layers.12.post_attention_layernorm.weight,12,attention,2048,3.510897121565554e-07
layers.17.self_attn.v_proj.bias,17,attention,256,0.00014384815183522668
layers.10.mlp.gate_proj.weight,10,ffn,22544384,0.00042585570460349756
layers.23.mlp.up_proj.weight,23,ffn,22544384,0.0005887713320073761
layers.25.self_attn.v_proj.bias,25,attention,256,0.00024994838894702335
layers.22.self_attn.q_proj.weight,22,attention,4194304,0.0006095383492352664
layers.0.mlp.down_proj.weight,0,ffn,22544384,0.0005307397048812659
layers.1.mlp.down_proj.weight,1,ffn,22544384,0.0008366121059967542
layers.16.self_attn.q_proj.bias,16,attention,2048,3.1552140827780196e-06
layers.34.self_attn.o_proj.weight,34,attention,4194304,0.0005641242146495295
layers.20.input_layernorm.weight,20,norm,2048,5.294917295451533e-07
layers.29.self_attn.k_proj.bias,29,attention,256,2.152844430004147e-06
layers.14.self_attn.k_proj.bias,14,attention,256,7.405572557016589e-06
layers.5.self_attn.v_proj.weight,5,attention,524288,0.0006165161352205218
layers.4.mlp.gate_proj.weight,4,ffn,22544384,0.0006749839557791531
layers.2.self_attn.v_proj.bias,2,attention,256,0.0005884597892855238
layers.28.self_attn.q_proj.bias,28,attention,2048,2.992863098996973e-06
layers.15.self_attn.q_proj.weight,15,attention,4194304,0.000537738111004642
layers.11.self_attn.v_proj.bias,11,attention,256,0.0001271724090078787
layers.1.mlp.gate_proj.weight,1,ffn,22544384,0.00043522462099877595
layers.24.mlp.gate_proj.weight,24,ffn,22544384,0.0006325396191489599
layers.9.self_attn.k_proj.weight,9,attention,524288,0.000368297160846809
layers.0.self_attn.q_proj.bias,0,attention,2048,3.667340854892606e-06
layers.11.self_attn.k_proj.weight,11,attention,524288,0.0005161188375520766
layers.21.self_attn.q_proj.bias,21,attention,2048,3.988957360779037e-06
layers.6.self_attn.q_proj.weight,6,attention,4194304,0.0004765269606226581
layers.30.mlp.down_proj.weight,30,ffn,22544384,0.0005764930217736332
layers.13.post_attention_layernorm.weight,13,attention,2048,1.959345085357307e-07
layers.35.self_attn.q_proj.weight,35,attention,4194304,0.0007227540898179738
layers.31.self_attn.q_proj.weight,31,attention,4194304,0.0006381948816978256
layers.28.self_attn.o_proj.weight,28,attention,4194304,0.0006287560107392341
layers.15.self_attn.o_proj.weight,15,attention,4194304,0.0006407306562911533
layers.2.self_attn.q_proj.bias,2,attention,2048,4.538436521909174e-06
layers.0.mlp.gate_proj.weight,0,ffn,22544384,0.00046935482220906977
layers.23.input_layernorm.weight,23,norm,2048,0.0
layers.3.self_attn.v_proj.weight,3,attention,524288,0.0009298121488920777
layers.15.self_attn.q_proj.bias,15,attention,2048,2.605633495916076e-06
layers.31.mlp.gate_proj.weight,31,ffn,22544384,0.0005986071240147618
layers.27.self_attn.q_proj.bias,27,attention,2048,6.763521345525334e-07
layers.32.self_attn.k_proj.weight,32,attention,524288,0.0009743458929593286
layers.17.mlp.down_proj.weight,17,ffn,22544384,0.000597858527935089
layers.27.mlp.gate_proj.weight,27,ffn,22544384,0.0005998891714875241
layers.4.self_attn.k_proj.bias,4,attention,256,1.0184223376807088e-05
layers.22.mlp.gate_proj.weight,22,ffn,22544384,0.0005866284038905533
layers.23.self_attn.q_proj.bias,23,attention,2048,2.741569997176214e-06
layers.30.self_attn.v_proj.weight,30,attention,524288,0.0005176407468719907
layers.10.self_attn.o_proj.weight,10,attention,4194304,0.0005835273117661534
layers.19.self_attn.k_proj.bias,19,attention,256,5.365278742810252e-06
layers.14.mlp.up_proj.weight,14,ffn,22544384,0.0005352614462297741
layers.28.self_attn.q_proj.weight,28,attention,4194304,0.0006397658014468323
layers.13.self_attn.q_proj.weight,13,attention,4194304,0.0005230153250717904
layers.29.mlp.gate_proj.weight,29,ffn,22544384,0.0005829482284589294
layers.19.self_attn.v_proj.weight,19,attention,524288,0.000744623622072882
layers.4.self_attn.q_proj.weight,4,attention,4194304,0.00047460181960951075
layers.23.mlp.down_proj.weight,23,ffn,22544384,0.0006258409321215844
layers.19.input_layernorm.weight,19,norm,2048,0.0
layers.5.self_attn.o_proj.weight,5,attention,4194304,0.0006936533562678329
layers.1.self_attn.v_proj.weight,1,attention,524288,0.0007839947284534645
layers.34.input_layernorm.weight,34,norm,2048,0.0
layers.12.self_attn.q_proj.weight,12,attention,4194304,0.000529381620884749
layers.10.self_attn.k_proj.weight,10,attention,524288,0.0005241208072399
layers.17.self_attn.q_proj.weight,17,attention,4194304,0.0006217237501395788
layers.34.self_attn.q_proj.weight,34,attention,4194304,0.000744935146936048
layers.7.self_attn.v_proj.weight,7,attention,524288,0.0005448571149172926
layers.27.post_attention_layernorm.weight,27,attention,2048,7.648710943206026e-08
layers.26.self_attn.q_proj.weight,26,attention,4194304,0.000625774022416779
layers.29.post_attention_layernorm.weight,29,attention,2048,1.0753273702715248e-08
layers.18.input_layernorm.weight,18,norm,2048,7.090717575425922e-07
layers.26.mlp.down_proj.weight,26,ffn,22544384,0.0005996156653718611
layers.17.self_attn.k_proj.bias,17,attention,256,1.2423936167891158e-05
layers.4.self_attn.k_proj.weight,4,attention,524288,0.0003661027757583153
layers.20.self_attn.o_proj.weight,20,attention,4194304,0.0006664826596831027
layers.21.mlp.down_proj.weight,21,ffn,22544384,0.0006247686859256911
layers.8.self_attn.v_proj.bias,8,attention,256,0.0004964388012793411
layers.19.post_attention_layernorm.weight,19,attention,2048,7.771404656271379e-08
layers.31.mlp.up_proj.weight,31,ffn,22544384,0.0005269582482358611
layers.18.mlp.up_proj.weight,18,ffn,22544384,0.0005787780474612261
layers.25.mlp.gate_proj.weight,25,ffn,22544384,0.0006264562426779797
layers.11.input_layernorm.weight,11,norm,2048,1.4080837189145048e-06
layers.13.mlp.down_proj.weight,13,ffn,22544384,0.0005411551147427771
layers.8.input_layernorm.weight,8,norm,2048,1.3805486787575839e-06
layers.23.self_attn.k_proj.weight,23,attention,524288,0.0005129107773142536
layers.33.self_attn.q_proj.bias,33,attention,2048,3.7507379337697787e-06
layers.19.mlp.up_proj.weight,19,ffn,22544384,0.0005878945795061658
layers.19.mlp.down_proj.weight,19,ffn,22544384,0.0006128536220477508
layers.25.mlp.down_proj.weight,25,ffn,22544384,0.0006204955462346087
layers.9.input_layernorm.weight,9,norm,2048,1.663967225896656e-06
layers.16.mlp.down_proj.weight,16,ffn,22544384,0.0005922552765415725
layers.10.mlp.up_proj.weight,10,ffn,22544384,0.0005661010260547898
layers.5.mlp.up_proj.weight,5,ffn,22544384,0.000588767286360857
layers.3.post_attention_layernorm.weight,3,attention,2048,1.2920623252140788e-07
layers.15.mlp.up_proj.weight,15,ffn,22544384,0.0005244285086772205
layers.22.self_attn.v_proj.bias,22,attention,256,0.00027206424196242533
layers.7.post_attention_layernorm.weight,7,attention,2048,4.5243600470453316e-07
layers.23.post_attention_layernorm.weight,23,attention,2048,8.695082337484365e-08
layers.1.post_attention_layernorm.weight,1,attention,2048,1.844214310596212e-06
layers.0.mlp.up_proj.weight,0,ffn,22544384,0.0005592652234478104
layers.8.mlp.gate_proj.weight,8,ffn,22544384,0.00043447898207374364
layers.2.mlp.gate_proj.weight,2,ffn,22544384,0.0008157833781059432
layers.5.post_attention_layernorm.weight,5,attention,2048,9.20008795944121e-07
norm.weight,-1,norm,2048,0.0
layers.30.self_attn.q_proj.weight,30,attention,4194304,0.0006556245602515754
layers.6.self_attn.k_proj.bias,6,attention,256,9.09439050940899e-06
layers.11.mlp.up_proj.weight,11,ffn,22544384,0.0005578233763963447
layers.2.self_attn.k_proj.bias,2,attention,256,0.0
layers.2.self_attn.k_proj.weight,2,attention,524288,0.000346641979478099
